County,Tot_Damage,Year,county_up
Butte,24410210.0,2008,BUTTE
Mendocino,310725.0,2008,MENDOCINO
Santa Clara,202701.0,2008,SANTA CLARA
Siskiyou,8100.0,2008,SISKIYOU
Riverside,48847738.5,2008,RIVERSIDE
San Bernardino,69601.0,2008,SAN BERNARDINO
San Diego,35651.0,2008,SAN DIEGO
San Luis Obispo,196130.0,2008,SAN LUIS OBISPO
Tulare,46958.0,2008,TULARE
Butte,6454.0,2009,BUTTE
Mendocino,456235.0,2009,MENDOCINO
Santa Clara,1500829.0,2009,SANTA CLARA
Siskiyou,7675.0,2009,SISKIYOU
Riverside,282625.0,2009,RIVERSIDE
San Bernardino,11000.0,2009,SAN BERNARDINO
San Diego,118407.5,2009,SAN DIEGO
San Luis Obispo,59411.0,2009,SAN LUIS OBISPO
Tulare,8981.0,2009,TULARE
Amador,5000.0,2010,AMADOR
El Dorado,52650.0,2010,EL DORADO
Sacramento,3800.0,2010,SACRAMENTO
San Joaquin,0.0,2010,SAN JOAQUIN
Butte,459854.0,2010,BUTTE
Plumas,0.0,2010,PLUMAS
Tehama,0.0,2010,TEHAMA
Del Norte,0.0,2010,DEL NORTE
Humboldt,278870.0,2010,HUMBOLDT
Siskiyou,0.0,2010,SISKIYOU
Lassen,63080.0,2010,LASSEN
Modoc,1364.0,2010,MODOC
Mendocino,31710.0,2010,MENDOCINO
Trinity,0.0,2010,TRINITY
Nevada,16000.0,2010,NEVADA
Placer,37560.0,2010,PLACER
Sierra,10000.0,2010,SIERRA
Yuba,17500.0,2010,YUBA
San Mateo,16040.0,2010,SAN MATEO
Santa Cruz,200951.0,2010,SANTA CRUZ
Alameda,264450.0,2010,ALAMEDA
Santa Clara,5400.0,2010,SANTA CLARA
Shasta,101950.0,2010,SHASTA
Colusa,0.0,2010,COLUSA
Lake,1000.0,2010,LAKE
Napa,201725.0,2010,NAPA
Solano,11150.0,2010,SOLANO
Sonoma,340240.0,2010,SONOMA
Yolo,2.0,2010,YOLO
Glenn,4000.0,2010,GLENN
Fresno,302622.0,2010,FRESNO
Kings,0.0,2010,KINGS
Madera,5340.0,2010,MADERA
Mariposa,20296.0,2010,MARIPOSA
Merced,49700.0,2010,MERCED
Riverside,53475.0,2010,RIVERSIDE
Monterey,27750.0,2010,MONTEREY
San Benito,62015.0,2010,SAN BENITO
Inyo,7500.0,2010,INYO
San Bernardino,5800.0,2010,SAN BERNARDINO
San Diego,35550.0,2010,SAN DIEGO
San Luis Obispo,54268.0,2010,SAN LUIS OBISPO
Tulare,57895.0,2010,TULARE
Calaveras,96763.0,2010,CALAVERAS
Tuolumne,123502.0,2010,TUOLUMNE
Amador,4200.0,2011,AMADOR
El Dorado,55400.0,2011,EL DORADO
Sacramento,0.0,2011,SACRAMENTO
San Joaquin,0.0,2011,SAN JOAQUIN
Butte,125600.0,2011,BUTTE
Plumas,0.0,2011,PLUMAS
Tehama,1250.0,2011,TEHAMA
Del Norte,0.0,2011,DEL NORTE
Humboldt,133938.0,2011,HUMBOLDT
Siskiyou,0.0,2011,SISKIYOU
Lassen,9916.0,2011,LASSEN
Modoc,1882.0,2011,MODOC
Mendocino,81012.0,2011,MENDOCINO
Nevada,30350.0,2011,NEVADA
Placer,55550.0,2011,PLACER
Sierra,0.0,2011,SIERRA
Sutter,0.0,2011,SUTTER
Yuba,319161.0,2011,YUBA
San Mateo,0.0,2011,SAN MATEO
Santa Cruz,13426.0,2011,SANTA CRUZ
Alameda,487750.0,2011,ALAMEDA
Santa Clara,24500.0,2011,SANTA CLARA
Shasta,16800.0,2011,SHASTA
Colusa,13000.0,2011,COLUSA
Lake,534840.0,2011,LAKE
Napa,754350.0,2011,NAPA
Solano,3020.0,2011,SOLANO
Sonoma,276401.0,2011,SONOMA
Yolo,35002.0,2011,YOLO
Glenn,0.0,2011,GLENN
Fresno,109085.0,2011,FRESNO
Kings,1200.0,2011,KINGS
Madera,26145.0,2011,MADERA
Mariposa,14003.0,2011,MARIPOSA
Merced,81080.0,2011,MERCED
Riverside,335600.0,2011,RIVERSIDE
Monterey,165076.0,2011,MONTEREY
San Benito,8215.0,2011,SAN BENITO
Inyo,20007.0,2011,INYO
San Bernardino,419810.0,2011,SAN BERNARDINO
San Diego,341962.0,2011,SAN DIEGO
San Luis Obispo,123200.0,2011,SAN LUIS OBISPO
Tulare,76685.0,2011,TULARE
Calaveras,322326.0,2011,CALAVERAS
Tuolumne,644582.0,2011,TUOLUMNE
Amador,7200.0,2012,AMADOR
El Dorado,157152.0,2012,EL DORADO
Sacramento,260912.0,2012,SACRAMENTO
Butte,436760.0,2012,BUTTE
Tehama,2500.0,2012,TEHAMA
Del Norte,108305.0,2012,DEL NORTE
Humboldt,43000.0,2012,HUMBOLDT
Lassen,422912.0,2012,LASSEN
Modoc,50.0,2012,MODOC
Plumas,5.0,2012,PLUMAS
Mendocino,1271921.0,2012,MENDOCINO
Nevada,68830.0,2012,NEVADA
Placer,225355.0,2012,PLACER
Sierra,0.0,2012,SIERRA
Yuba,287200.0,2012,YUBA
San Mateo,25102.0,2012,SAN MATEO
Santa Cruz,69670.0,2012,SANTA CRUZ
Alameda,17100.0,2012,ALAMEDA
Contra Costa,17451.0,2012,CONTRA COSTA
Santa Clara,4302.0,2012,SANTA CLARA
Shasta,42350.0,2012,SHASTA
Siskiyou,11415.0,2012,SISKIYOU
Colusa,0.0,2012,COLUSA
Lake,3274740.0,2012,LAKE
Napa,87603.0,2012,NAPA
Solano,2512.0,2012,SOLANO
Sonoma,691886.0,2012,SONOMA
Yolo,4.0,2012,YOLO
Glenn,200.0,2012,GLENN
Fresno,745291.0,2012,FRESNO
Kings,3600.0,2012,KINGS
Madera,9060.0,2012,MADERA
Mariposa,80202.0,2012,MARIPOSA
Merced,4000.0,2012,MERCED
Riverside,1494451.0,2012,RIVERSIDE
Monterey,444355.0,2012,MONTEREY
San Benito,1480.0,2012,SAN BENITO
Inyo,0.0,2012,INYO
San Bernardino,33300.0,2012,SAN BERNARDINO
San Diego,1011115.0,2012,SAN DIEGO
San Luis Obispo,43800.0,2012,SAN LUIS OBISPO
Tulare,8906.0,2012,TULARE
Calaveras,166265.0,2012,CALAVERAS
Tuolumne,48893.0,2012,TUOLUMNE
Amador,2050.0,2013,AMADOR
El Dorado,2168563.0,2013,EL DORADO
Sacramento,2.0,2013,SACRAMENTO
San Joaquin,1.0,2013,SAN JOAQUIN
Butte,843776.0,2013,BUTTE
Tehama,0.0,2013,TEHAMA
Del Norte,20.0,2013,DEL NORTE
Humboldt,48505.0,2013,HUMBOLDT
Lassen,5377.0,2013,LASSEN
Modoc,30051.0,2013,MODOC
Plumas,1274.0,2013,PLUMAS
Shasta,0.5,2013,SHASTA
Siskiyou,100.0,2013,SISKIYOU
Mendocino,314912.0,2013,MENDOCINO
Nevada,332568.0,2013,NEVADA
Placer,69951.0,2013,PLACER
Sierra,0.0,2013,SIERRA
Sutter,0.0,2013,SUTTER
Yuba,34257.0,2013,YUBA
San Mateo,1215.0,2013,SAN MATEO
Santa Cruz,749518.0,2013,SANTA CRUZ
Alameda,142125.0,2013,ALAMEDA
Contra Costa,112910.0,2013,CONTRA COSTA
Santa Clara,13560.0,2013,SANTA CLARA
Colusa,1020.0,2013,COLUSA
Lake,404321.0,2013,LAKE
Napa,102762.0,2013,NAPA
Solano,327704.0,2013,SOLANO
Sonoma,9366896.0,2013,SONOMA
Yolo,15000.0,2013,YOLO
Glenn,2500.0,2013,GLENN
Fresno,58000.0,2013,FRESNO
Kings,0.0,2013,KINGS
Madera,12650.0,2013,MADERA
Mariposa,400.0,2013,MARIPOSA
Merced,0.0,2013,MERCED
Riverside,7978346.0,2013,RIVERSIDE
Monterey,3875.0,2013,MONTEREY
San Benito,22600.0,2013,SAN BENITO
Inyo,60350.0,2013,INYO
San Bernardino,7326.0,2013,SAN BERNARDINO
San Diego,277957.0,2013,SAN DIEGO
San Luis Obispo,41050.0,2013,SAN LUIS OBISPO
Tulare,30920.0,2013,TULARE
Calaveras,48644.0,2013,CALAVERAS
Tuolumne,107172.0,2013,TUOLUMNE
Amador,152901.0,2014,AMADOR
El Dorado,218451.0,2014,EL DORADO
Sacramento,52.0,2014,SACRAMENTO
San Joaquin,0.0,2014,SAN JOAQUIN
Butte,141734.0,2014,BUTTE
Tehama,0.0,2014,TEHAMA
Del Norte,20075.0,2014,DEL NORTE
Humboldt,247101.0,2014,HUMBOLDT
Lassen,756523.0,2014,LASSEN
Modoc,11.0,2014,MODOC
Plumas,902.0,2014,PLUMAS
Shasta,0.0,2014,SHASTA
Siskiyou,0.0,2014,SISKIYOU
Mendocino,2181483.0,2014,MENDOCINO
Nevada,618610.0,2014,NEVADA
Placer,1418810.0,2014,PLACER
Sierra,0.0,2014,SIERRA
Sutter,0.0,2014,SUTTER
Yuba,488905.0,2014,YUBA
San Mateo,142.0,2014,SAN MATEO
Santa Cruz,4960.0,2014,SANTA CRUZ
Alameda,248252.0,2014,ALAMEDA
Contra Costa,24277.0,2014,CONTRA COSTA
Santa Clara,1551700.0,2014,SANTA CLARA
Colusa,0.0,2014,COLUSA
Lake,69255.0,2014,LAKE
Napa,126015.0,2014,NAPA
Solano,10500.0,2014,SOLANO
Sonoma,14955.0,2014,SONOMA
Yolo,10302.0,2014,YOLO
Glenn,100.0,2014,GLENN
Fresno,1017700.0,2014,FRESNO
Kings,0.0,2014,KINGS
Madera,5807684.0,2014,MADERA
Mariposa,30000.0,2014,MARIPOSA
Merced,0.0,2014,MERCED
Riverside,275802.0,2014,RIVERSIDE
Monterey,2180.0,2014,MONTEREY
San Benito,1700.0,2014,SAN BENITO
Inyo,100000.0,2014,INYO
San Bernardino,5485.0,2014,SAN BERNARDINO
San Diego,666154.0,2014,SAN DIEGO
San Luis Obispo,4190.0,2014,SAN LUIS OBISPO
Tulare,243754.0,2014,TULARE
Calaveras,163589.0,2014,CALAVERAS
Tuolumne,499363.0,2014,TUOLUMNE
Amador,1000000709.0,2015,AMADOR
El Dorado,37127.0,2015,EL DORADO
Sacramento,100.0,2015,SACRAMENTO
San Joaquin,0.0,2015,SAN JOAQUIN
Butte,0.0,2015,BUTTE
Tehama,0.0,2015,TEHAMA
Del Norte,500.0,2015,DEL NORTE
Humboldt,8783968.0,2015,HUMBOLDT
Lassen,2510.0,2015,LASSEN
Modoc,4.0,2015,MODOC
Plumas,300.0,2015,PLUMAS
Shasta,0.0,2015,SHASTA
Siskiyou,0.0,2015,SISKIYOU
Mendocino,328014.0,2015,MENDOCINO
Nevada,42402.0,2015,NEVADA
Placer,289354.0,2015,PLACER
Sierra,0.0,2015,SIERRA
Sutter,0.0,2015,SUTTER
Yuba,252620.0,2015,YUBA
San Mateo,602.0,2015,SAN MATEO
Santa Cruz,10007.0,2015,SANTA CRUZ
Alameda,1826231.0,2015,ALAMEDA
Contra Costa,59230.0,2015,CONTRA COSTA
Santa Clara,11274.0,2015,SANTA CLARA
Colusa,6551.0,2015,COLUSA
Lake,2017984089.0,2015,LAKE
Napa,277310.0,2015,NAPA
Solano,20340.0,2015,SOLANO
Sonoma,1392000.0,2015,SONOMA
Yolo,67500.0,2015,YOLO
Glenn,250.0,2015,GLENN
Fresno,11675.0,2015,FRESNO
Kings,0.0,2015,KINGS
Madera,101321.0,2015,MADERA
Mariposa,1000.0,2015,MARIPOSA
Merced,701920.0,2015,MERCED
Riverside,35148.0,2015,RIVERSIDE
Monterey,10005710.0,2015,MONTEREY
San Benito,15620.0,2015,SAN BENITO
Inyo,15819560.0,2015,INYO
San Bernardino,66102.0,2015,SAN BERNARDINO
San Diego,144957.0,2015,SAN DIEGO
San Luis Obispo,1399900.0,2015,SAN LUIS OBISPO
Tulare,176768.0,2015,TULARE
Calaveras,139494.0,2015,CALAVERAS
Tuolumne,61927.0,2015,TUOLUMNE
Butte,0.0,2016,BUTTE
Mendocino,346717.0,2016,MENDOCINO
Santa Clara,160734.0,2016,SANTA CLARA
Siskiyou,147856.0,2016,SISKIYOU
Riverside,1810.0,2016,RIVERSIDE
San Bernardino,314797.5,2016,SAN BERNARDINO
San Diego,2143380.0,2016,SAN DIEGO
San Luis Obispo,6107855.5,2016,SAN LUIS OBISPO
Tulare,4332.0,2016,TULARE
Alameda,32410.0,2016,ALAMEDA
Alpine,0.0,2016,ALPINE
Amador,307070.0,2016,AMADOR
Calaveras,405009.0,2016,CALAVERAS
Colusa,0.0,2016,COLUSA
Contra Costa,11450.0,2016,CONTRA COSTA
Del Norte,0.0,2016,DEL NORTE
El Dorado,231015.0,2016,EL DORADO
Fresno,812917.0,2016,FRESNO
Glenn,0.0,2016,GLENN
Humboldt,1595068.0,2016,HUMBOLDT
Imperial,0.0,2016,IMPERIAL
Inyo,350.0,2016,INYO
Kings,0.0,2016,KINGS
Lake,105579028.0,2016,LAKE
Lassen,715300.0,2016,LASSEN
Madera,299925.0,2016,MADERA
Mariposa,48410.0,2016,MARIPOSA
Merced,177500.0,2016,MERCED
Modoc,150004.0,2016,MODOC
Mono,0.0,2016,MONO
Monterey,11222283.0,2016,MONTEREY
Napa,300120.0,2016,NAPA
Nevada,1080921.0,2016,NEVADA
Placer,242200.0,2016,PLACER
Plumas,0.0,2016,PLUMAS
Sacramento,21201.0,2016,SACRAMENTO
San Benito,29602.0,2016,SAN BENITO
San Francisco,0.0,2016,SAN FRANCISCO
San Joaquin,1936.0,2016,SAN JOAQUIN
San Mateo,20200.0,2016,SAN MATEO
Santa Cruz,8603.0,2016,SANTA CRUZ
Shasta,215711.0,2016,SHASTA
Sierra,0.0,2016,SIERRA
Solano,3103.0,2016,SOLANO
Sonoma,665106.0,2016,SONOMA
Stanislaus,8550.0,2016,STANISLAUS
Sutter,0.0,2016,SUTTER
Tehama,434250.0,2016,TEHAMA
Trinity,0.0,2016,TRINITY
Tuolumne,40363.0,2016,TUOLUMNE
Yolo,5001900.0,2016,YOLO
Yuba,197020.0,2016,YUBA
Butte,5724353.0,2017,BUTTE
Mendocino,154332.0,2017,MENDOCINO
Santa Clara,54219.5,2017,SANTA CLARA
Siskiyou,73400.0,2017,SISKIYOU
Riverside,157507.5,2017,RIVERSIDE
San Bernardino,16680.5,2017,SAN BERNARDINO
San Diego,9027.0,2017,SAN DIEGO
San Luis Obispo,1882562.5,2017,SAN LUIS OBISPO
Tulare,12052.5,2017,TULARE
Alameda,14101.0,2017,ALAMEDA
Alpine,0.0,2017,ALPINE
Amador,11957.0,2017,AMADOR
Calaveras,240963.0,2017,CALAVERAS
Colusa,0.0,2017,COLUSA
Contra Costa,8028.0,2017,CONTRA COSTA
Del Norte,13002.0,2017,DEL NORTE
El Dorado,2366816.0,2017,EL DORADO
Fresno,415700.0,2017,FRESNO
Glenn,0.0,2017,GLENN
Humboldt,14771.0,2017,HUMBOLDT
Imperial,0.0,2017,IMPERIAL
Inyo,5000.0,2017,INYO
Kings,0.0,2017,KINGS
Lake,35412565.0,2017,LAKE
Lassen,2655.0,2017,LASSEN
Madera,2864170.0,2017,MADERA
Mariposa,40242411.0,2017,MARIPOSA
Merced,23200.0,2017,MERCED
Modoc,109236.0,2017,MODOC
Mono,0.0,2017,MONO
Monterey,555677.0,2017,MONTEREY
Napa,4000886621.0,2017,NAPA
Nevada,4000063130.0,2017,NEVADA
Placer,2332232.0,2017,PLACER
Plumas,306.0,2017,PLUMAS
Sacramento,150.0,2017,SACRAMENTO
San Benito,53300.0,2017,SAN BENITO
San Francisco,0.0,2017,SAN FRANCISCO
San Joaquin,26219.0,2017,SAN JOAQUIN
San Mateo,1900.0,2017,SAN MATEO
Santa Cruz,1142615.0,2017,SANTA CRUZ
Shasta,3133700.0,2017,SHASTA
Sierra,0.0,2017,SIERRA
Solano,1501000.0,2017,SOLANO
Sonoma,2005343853.0,2017,SONOMA
Stanislaus,13520.0,2017,STANISLAUS
Sutter,0.0,2017,SUTTER
Tehama,498670.0,2017,TEHAMA
Trinity,1508.0,2017,TRINITY
Tuolumne,587336.0,2017,TUOLUMNE
Yolo,20100000.0,2017,YOLO
Yuba,2001011250.0,2017,YUBA
Mendocino,15381605.5,2018,MENDOCINO
Santa Clara,1610473.5,2018,SANTA CLARA
Siskiyou,2951604.5,2018,SISKIYOU
Riverside,57802.5,2018,RIVERSIDE
San Bernardino,44500.0,2018,SAN BERNARDINO
San Diego,330901.0,2018,SAN DIEGO
San Luis Obispo,32396.5,2018,SAN LUIS OBISPO
Tulare,178513.0,2018,TULARE
Alameda,155477.0,2018,ALAMEDA
Alpine,0.0,2018,ALPINE
Amador,1091200.0,2018,AMADOR
Calaveras,144110.0,2018,CALAVERAS
Colusa,275000.0,2018,COLUSA
Contra Costa,2612150.0,2018,CONTRA COSTA
Del Norte,9500.0,2018,DEL NORTE
El Dorado,1968103.0,2018,EL DORADO
Fresno,111401.0,2018,FRESNO
Glenn,810500.0,2018,GLENN
Humboldt,1337883.0,2018,HUMBOLDT
Imperial,0.0,2018,IMPERIAL
Inyo,2000.0,2018,INYO
Kings,0.0,2018,KINGS
Lake,7182249.0,2018,LAKE
Lassen,1476777.0,2018,LASSEN
Madera,300282.0,2018,MADERA
Mariposa,194400.0,2018,MARIPOSA
Merced,1368100.0,2018,MERCED
Modoc,2403.0,2018,MODOC
Mono,0.0,2018,MONO
Monterey,221912.0,2018,MONTEREY
Napa,6639852.0,2018,NAPA
Nevada,1837232.0,2018,NEVADA
Placer,2582101.0,2018,PLACER
Plumas,1002.0,2018,PLUMAS
Sacramento,2.0,2018,SACRAMENTO
San Benito,74060.0,2018,SAN BENITO
San Francisco,0.0,2018,SAN FRANCISCO
San Joaquin,3545100.0,2018,SAN JOAQUIN
San Mateo,501.0,2018,SAN MATEO
Santa Cruz,1017500.0,2018,SANTA CRUZ
Shasta,2001632823.0,2018,SHASTA
Sierra,0.0,2018,SIERRA
Solano,803800.0,2018,SOLANO
Sonoma,179486.0,2018,SONOMA
Stanislaus,40500.0,2018,STANISLAUS
Sutter,0.0,2018,SUTTER
Tehama,7227100.0,2018,TEHAMA
Trinity,71300.0,2018,TRINITY
Tuolumne,63896.0,2018,TUOLUMNE
Yolo,6500.0,2018,YOLO
Yuba,491300.0,2018,YUBA
Butte,87750.5,2019,BUTTE
Mendocino,54400.0,2019,MENDOCINO
Santa Clara,422010.5,2019,SANTA CLARA
Siskiyou,105750.0,2019,SISKIYOU
Riverside,248045.0,2019,RIVERSIDE
San Bernardino,79450.0,2019,SAN BERNARDINO
San Diego,185550.0,2019,SAN DIEGO
San Luis Obispo,2438140.0,2019,SAN LUIS OBISPO
Tulare,181358.5,2019,TULARE
Alameda,96100.0,2019,ALAMEDA
Alpine,0.0,2019,ALPINE
Amador,82201.0,2019,AMADOR
Calaveras,1104399.0,2019,CALAVERAS
Colusa,80000.0,2019,COLUSA
Contra Costa,234970.0,2019,CONTRA COSTA
Del Norte,5000.0,2019,DEL NORTE
El Dorado,3041902.0,2019,EL DORADO
Fresno,53530.0,2019,FRESNO
Glenn,160950.0,2019,GLENN
Humboldt,26701.0,2019,HUMBOLDT
Imperial,0.0,2019,IMPERIAL
Inyo,0.0,2019,INYO
Kings,1256.0,2019,KINGS
Lake,212965.0,2019,LAKE
Lassen,6320.0,2019,LASSEN
Madera,20580.0,2019,MADERA
Mariposa,261852.0,2019,MARIPOSA
Merced,146600.0,2019,MERCED
Modoc,502.0,2019,MODOC
Mono,0.0,2019,MONO
Monterey,39951.0,2019,MONTEREY
Napa,31875.0,2019,NAPA
Nevada,329550.0,2019,NEVADA
Placer,133020.0,2019,PLACER
Plumas,1500.0,2019,PLUMAS
Sacramento,23000.0,2019,SACRAMENTO
San Benito,2570.0,2019,SAN BENITO
San Francisco,0.0,2019,SAN FRANCISCO
San Joaquin,18480.0,2019,SAN JOAQUIN
San Mateo,100000.0,2019,SAN MATEO
Santa Cruz,16406.0,2019,SANTA CRUZ
Shasta,4686340.0,2019,SHASTA
Sierra,0.0,2019,SIERRA
Solano,8601.0,2019,SOLANO
Sonoma,383902720.0,2019,SONOMA
Stanislaus,104284.0,2019,STANISLAUS
Sutter,0.0,2019,SUTTER
Tehama,1220000.0,2019,TEHAMA
Trinity,17300.0,2019,TRINITY
Tuolumne,145750.0,2019,TUOLUMNE
Yolo,4200.0,2019,YOLO
Yuba,503701.0,2019,YUBA
Butte,19104728.5,2020,BUTTE
Mendocino,752916.0,2020,MENDOCINO
Santa Clara,1494781.0,2020,SANTA CLARA
Siskiyou,58741925.0,2020,SISKIYOU
Riverside,190012186.0,2020,RIVERSIDE
San Bernardino,1049225.0,2020,SAN BERNARDINO
San Diego,4033251.5,2020,SAN DIEGO
San Luis Obispo,577022.0,2020,SAN LUIS OBISPO
Tulare,521686.5,2020,TULARE
Alameda,101020955.0,2020,ALAMEDA
Alpine,0.0,2020,ALPINE
Amador,19300.0,2020,AMADOR
Calaveras,834351.0,2020,CALAVERAS
Colusa,140500.0,2020,COLUSA
Del Norte,0.0,2020,DEL NORTE
El Dorado,1090562.0,2020,EL DORADO
Fresno,380024372.0,2020,FRESNO
Glenn,4244900.0,2020,GLENN
Humboldt,944850.0,2020,HUMBOLDT
Imperial,0.0,2020,IMPERIAL
Inyo,4.0,2020,INYO
Kings,0.0,2020,KINGS
Lake,82183550.0,2020,LAKE
Lassen,1503732.0,2020,LASSEN
Madera,34923990.0,2020,MADERA
Mariposa,670500.0,2020,MARIPOSA
Merced,11765.0,2020,MERCED
Modoc,100.0,2020,MODOC
Mono,0.0,2020,MONO
Monterey,70490.0,2020,MONTEREY
Napa,1129079102.0,2020,NAPA
Nevada,152362.0,2020,NEVADA
Placer,311400.0,2020,PLACER
Plumas,30002000.0,2020,PLUMAS
Sacramento,1533500.0,2020,SACRAMENTO
San Benito,309305.0,2020,SAN BENITO
San Francisco,0.0,2020,SAN FRANCISCO
San Joaquin,70131020.0,2020,SAN JOAQUIN
San Mateo,3000100.0,2020,SAN MATEO
Santa Cruz,2000100.0,2020,SANTA CRUZ
Shasta,50761750.0,2020,SHASTA
Sierra,0.0,2020,SIERRA
Solano,224590500.0,2020,SOLANO
Sonoma,1302549765.0,2020,SONOMA
Stanislaus,69175400.0,2020,STANISLAUS
Sutter,0.0,2020,SUTTER
Tehama,2500556.0,2020,TEHAMA
Trinity,66722100.0,2020,TRINITY
Tuolumne,189002.0,2020,TUOLUMNE
Yolo,9520500.0,2020,YOLO
Yuba,2525800.0,2020,YUBA
Butte,1043125.5,2021,BUTTE
Mendocino,369526.0,2021,MENDOCINO
Santa Clara,22753.5,2021,SANTA CLARA
Siskiyou,204275.0,2021,SISKIYOU
Riverside,1299220.5,2021,RIVERSIDE
San Bernardino,1164650.0,2021,SAN BERNARDINO
San Diego,754151.5,2021,SAN DIEGO
San Luis Obispo,4803.0,2021,SAN LUIS OBISPO
Tulare,49375.0,2021,TULARE
Alameda,11335.0,2021,ALAMEDA
Alpine,0.0,2021,ALPINE
Amador,386100.0,2021,AMADOR
Calaveras,347503.0,2021,CALAVERAS
Colusa,0.0,2021,COLUSA
Contra Costa,21322.0,2021,CONTRA COSTA
Del Norte,0.0,2021,DEL NORTE
El Dorado,397229208.0,2021,EL DORADO
Fresno,192405.0,2021,FRESNO
Glenn,0.0,2021,GLENN
Humboldt,254222.0,2021,HUMBOLDT
Imperial,0.0,2021,IMPERIAL
Inyo,103400.0,2021,INYO
Kings,0.0,2021,KINGS
Lake,1389704.0,2021,LAKE
Lassen,445601.0,2021,LASSEN
Madera,200650.0,2021,MADERA
Mariposa,18670.0,2021,MARIPOSA
Merced,16470.0,2021,MERCED
Modoc,50200.0,2021,MODOC
Mono,0.0,2021,MONO
Monterey,112020.0,2021,MONTEREY
Napa,10101.0,2021,NAPA
Nevada,720900.0,2021,NEVADA
Placer,61636121.0,2021,PLACER
Plumas,2003500.0,2021,PLUMAS
Sacramento,3200.0,2021,SACRAMENTO
San Benito,368564.0,2021,SAN BENITO
San Francisco,0.0,2021,SAN FRANCISCO
San Joaquin,22099.0,2021,SAN JOAQUIN
San Mateo,3000.0,2021,SAN MATEO
Santa Cruz,39850.0,2021,SANTA CRUZ
Shasta,31358970.0,2021,SHASTA
Sierra,0.0,2021,SIERRA
Solano,0.0,2021,SOLANO
Sonoma,443400.0,2021,SONOMA
Stanislaus,114501.0,2021,STANISLAUS
Sutter,0.0,2021,SUTTER
Tehama,1263355.0,2021,TEHAMA
Trinity,920000.0,2021,TRINITY
Tuolumne,142405.0,2021,TUOLUMNE
Yolo,124000.0,2021,YOLO
Yuba,2003400.0,2021,YUBA
